audio_id,class_folder,class_label,original_filename,original_path,extension,original_duration_seconds,original_sample_rate,original_channels,sha256,duplicate_of,status,exclusion_reason,split,prepared_path,prepared_duration_seconds,prepared_sample_rate,rms,silence_ratio,clipping_ratio
AS_0001,alarm_siren,Alarm or Siren,mixed_sound_1.wav,data\raw\alarm_siren\mixed_sound_1.wav,.wav,3.0,44100,2,05da187bc53787017ea9845a3543c77f4716c6714d29a67b7cc6bb7194073e64,,included,,train,data\starter_3class\train\alarm_siren\AS_0001.wav,3.0,22050.0,0.541823,0.011927,0.0
AS_0002,alarm_siren,Alarm or Siren,mixed_sound_1_1.wav,data\raw\alarm_siren\mixed_sound_1_1.wav,.wav,3.0,44100,2,352b7b328e8251546256076171fff4c6edc5da8fa9cec30018f792446877f3e6,,included,,test,data\starter_3class\test\alarm_siren\AS_0002.wav,3.0,22050.0,0.422842,0.017158,0.0
AS_0003,alarm_siren,Alarm or Siren,mixed_sound_2.wav,data\raw\alarm_siren\mixed_sound_2.wav,.wav,3.0,44100,2,bea95542a289e3d43952ca87d70aa21faa8df4bed8d93a2b609f260e5446f1b7,,included,,validation,data\starter_3class\validation\alarm_siren\AS_0003.wav,3.0,22050.0,0.550695,0.01288,0.0
AS_0004,alarm_siren,Alarm or Siren,mixed_sound_201.wav,data\raw\alarm_siren\mixed_sound_201.wav,.wav,3.0,44100,2,d4d7b81a55fb5ebb545dc7f010a60c8221f1285994b17cf246690d63e9ce9bdf,,included,,train,data\starter_3class\train\alarm_siren\AS_0004.wav,3.0,22050.0,0.538752,0.012003,0.0
AS_0005,alarm_siren,Alarm or Siren,mixed_sound_201_1.wav,data\raw\alarm_siren\mixed_sound_201_1.wav,.wav,3.0,44100,2,517c228110194d2576259d2e346e9f4b16faa1c1d94ec5b00dc360829938d963,,included,,train,data\starter_3class\train\alarm_siren\AS_0005.wav,3.0,22050.0,0.554929,0.01167,0.0
AS_0006,alarm_siren,Alarm or Siren,mixed_sound_202.wav,data\raw\alarm_siren\mixed_sound_202.wav,.wav,3.0,44100,2,2cd47933c1539bec97fa0edff93df455a23f89b9fe5332c9fd2358bd2991118c,,included,,validation,data\starter_3class\validation\alarm_siren\AS_0006.wav,3.0,22050.0,0.556821,0.010627,0.0
AS_0007,alarm_siren,Alarm or Siren,mixed_sound_202_1.wav,data\raw\alarm_siren\mixed_sound_202_1.wav,.wav,3.0,44100,2,f445c4a558578d84d2d4a0fdd0be27fd4f02c69b5fa5d04f2cf8e6eb3d632131,,included,,validation,data\starter_3class\validation\alarm_siren\AS_0007.wav,3.0,22050.0,0.404652,0.019456,0.0
AS_0008,alarm_siren,Alarm or Siren,mixed_sound_203.wav,data\raw\alarm_siren\mixed_sound_203.wav,.wav,3.0,44100,2,3a6a374ba5de4f5f72657ec2c74fe92f7c08c88ab1a2ee3200d9ed839d5f7cad,,included,,test,data\starter_3class\test\alarm_siren\AS_0008.wav,3.0,22050.0,0.472077,0.014316,0.0
AS_0009,alarm_siren,Alarm or Siren,mixed_sound_203_1.wav,data\raw\alarm_siren\mixed_sound_203_1.wav,.wav,3.0,44100,2,9e2d6c00c4fb4e6fcffdf2b6aa55f890f07edc0fb64357c22b51a8adcb873260,,included,,test,data\starter_3class\test\alarm_siren\AS_0009.wav,3.0,22050.0,0.419825,0.01737,0.0
AS_0010,alarm_siren,Alarm or Siren,mixed_sound_204.wav,data\raw\alarm_siren\mixed_sound_204.wav,.wav,3.0,44100,2,4b35cb69415d94255b88f9fbce4a3d6e467b4d41ad8275223646ad344590fcc0,,included,,train,data\starter_3class\train\alarm_siren\AS_0010.wav,3.0,22050.0,0.56124,0.011701,0.0
AS_0011,alarm_siren,Alarm or Siren,mixed_sound_204_1.wav,data\raw\alarm_siren\mixed_sound_204_1.wav,.wav,3.0,44100,2,baf52856f926b7149c02f1afbd8a11e7ffade6e7c18e0b90dda88100b91976cb,,included,,train,data\starter_3class\train\alarm_siren\AS_0011.wav,3.0,22050.0,0.582971,0.010476,0.0
AS_0012,alarm_siren,Alarm or Siren,mixed_sound_205.wav,data\raw\alarm_siren\mixed_sound_205.wav,.wav,3.0,44100,2,14406162cefaac7d32d2286562fc2f8183724617bca21e87a444d96bb57a479c,,included,,train,data\starter_3class\train\alarm_siren\AS_0012.wav,3.0,22050.0,0.58734,0.010688,0.0
AS_0013,alarm_siren,Alarm or Siren,mixed_sound_205_1.wav,data\raw\alarm_siren\mixed_sound_205_1.wav,.wav,3.0,44100,2,c15e0c078a41cb48a9369ffe6e8b6216d9e6c38968e248c3ca24095ae247ede8,,included,,train,data\starter_3class\train\alarm_siren\AS_0013.wav,3.0,22050.0,0.481605,0.014649,0.0
AS_0014,alarm_siren,Alarm or Siren,mixed_sound_206.wav,data\raw\alarm_siren\mixed_sound_206.wav,.wav,3.0,44100,2,b3efb6b0ffdc9ca7507bb9cfddad104bc43d88a1ace27eb21d1d05e28c189020,,included,,train,data\starter_3class\train\alarm_siren\AS_0014.wav,3.0,22050.0,0.58836,0.010385,0.0
AS_0015,alarm_siren,Alarm or Siren,mixed_sound_206_1.wav,data\raw\alarm_siren\mixed_sound_206_1.wav,.wav,3.0,44100,2,0f4a02c207558a29dfc145e12bf5b16bbed4db4527a41a0cacb6fee4d00ccfbc,,included,,test,data\starter_3class\test\alarm_siren\AS_0015.wav,3.0,22050.0,0.571866,0.01167,0.0
AS_0016,alarm_siren,Alarm or Siren,mixed_sound_207.wav,data\raw\alarm_siren\mixed_sound_207.wav,.wav,3.0,44100,2,1d4974859921457ba2d482697a9e073fab3009d0868a6c5360c24c3779cef25b,,included,,test,data\starter_3class\test\alarm_siren\AS_0016.wav,3.0,22050.0,0.510216,0.012577,0.0
AS_0017,alarm_siren,Alarm or Siren,mixed_sound_207_1.wav,data\raw\alarm_siren\mixed_sound_207_1.wav,.wav,3.0,44100,2,e9d2328eff10df36133a0f51ea2eda8e339e0e30de62202bc3aa7d0bc68c42d4,,included,,train,data\starter_3class\train\alarm_siren\AS_0017.wav,3.0,22050.0,0.420897,0.018776,0.0
AS_0018,alarm_siren,Alarm or Siren,mixed_sound_208.wav,data\raw\alarm_siren\mixed_sound_208.wav,.wav,3.0,44100,2,59804b7232c8400cbd564869aa285cae035b9629e8bf310c9b1685c31bceb378,,included,,test,data\starter_3class\test\alarm_siren\AS_0018.wav,3.0,22050.0,0.486085,0.015042,0.0
AS_0019,alarm_siren,Alarm or Siren,mixed_sound_2_1.wav,data\raw\alarm_siren\mixed_sound_2_1.wav,.wav,3.0,44100,2,6e86134a4d9daa50e7109af7c63bcb0fda8fef26237406d61aac7bc083e33665,,included,,train,data\starter_3class\train\alarm_siren\AS_0019.wav,3.0,22050.0,0.481557,0.014392,0.0
AS_0020,alarm_siren,Alarm or Siren,mixed_sound_3.wav,data\raw\alarm_siren\mixed_sound_3.wav,.wav,3.0,44100,2,375fa5d8528ad112cfc0762402094e5578013fcdbcb25ee4eaa57f2e2f5bce21,,included,,train,data\starter_3class\train\alarm_siren\AS_0020.wav,3.0,22050.0,0.540862,0.012638,0.0
AS_0021,alarm_siren,Alarm or Siren,mixed_sound_3_1.wav,data\raw\alarm_siren\mixed_sound_3_1.wav,.wav,3.0,44100,2,a0547751ab8b5d411397a936662b63814c093a7a69646ac4fdf47fcdc200b11e,,included,,train,data\starter_3class\train\alarm_siren\AS_0021.wav,3.0,22050.0,0.370116,0.020711,0.0
AS_0022,alarm_siren,Alarm or Siren,mixed_sound_4.wav,data\raw\alarm_siren\mixed_sound_4.wav,.wav,3.0,44100,2,a4e688e3a2f4aa622839fb52b64bcc2e0013f99d8f005c00f3a5e5351ca7c8a5,,included,,train,data\starter_3class\train\alarm_siren\AS_0022.wav,3.0,22050.0,0.581198,0.010038,0.0
AS_0023,alarm_siren,Alarm or Siren,mixed_sound_4_1.wav,data\raw\alarm_siren\mixed_sound_4_1.wav,.wav,3.0,44100,2,e6c15508a0e543e92982f1c721ba678ff1780438d665fbda881e65ed12b2fc69,,included,,train,data\starter_3class\train\alarm_siren\AS_0023.wav,3.0,22050.0,0.598353,0.009932,0.0
AS_0024,alarm_siren,Alarm or Siren,mixed_sound_5.wav,data\raw\alarm_siren\mixed_sound_5.wav,.wav,3.0,44100,2,d4fe5543df04050299cb022095983e08948a223f2b417540bf7bae9589696041,,included,,train,data\starter_3class\train\alarm_siren\AS_0024.wav,3.0,22050.0,0.604588,0.01034,0.0
AS_0025,alarm_siren,Alarm or Siren,mixed_sound_5_1.wav,data\raw\alarm_siren\mixed_sound_5_1.wav,.wav,3.0,44100,2,88a725edab9f07d2d5e81bdc18267481c8bd609e9caf0d0314bcc1925429db55,,included,,train,data\starter_3class\train\alarm_siren\AS_0025.wav,3.0,22050.0,0.600845,0.010506,0.0
AS_0026,alarm_siren,Alarm or Siren,mixed_sound_6.wav,data\raw\alarm_siren\mixed_sound_6.wav,.wav,3.0,44100,2,4b894304317c17b2ec065ecdb32502c346a2d5b9a37cb6051688a3e4c7b9b52c,,included,,train,data\starter_3class\train\alarm_siren\AS_0026.wav,3.0,22050.0,0.607895,0.009327,0.0
AS_0027,alarm_siren,Alarm or Siren,mixed_sound_601.wav,data\raw\alarm_siren\mixed_sound_601.wav,.wav,3.0,44100,2,9f71cd979a4f55a0be12031e48e39d389d41fdd43d6bc5cea55fa60959e64f8a,,included,,train,data\starter_3class\train\alarm_siren\AS_0027.wav,3.0,22050.0,0.565548,0.011066,0.0
AS_0028,alarm_siren,Alarm or Siren,mixed_sound_601_1.wav,data\raw\alarm_siren\mixed_sound_601_1.wav,.wav,3.0,44100,2,0bdda9b13b06cd893d35cf6db312b14b2dbba13b396a51c196943e2c0d83408f,,included,,validation,data\starter_3class\validation\alarm_siren\AS_0028.wav,3.0,22050.0,0.52917,0.01223,0.0
AS_0029,alarm_siren,Alarm or Siren,mixed_sound_602.wav,data\raw\alarm_siren\mixed_sound_602.wav,.wav,3.0,44100,2,951c2a515c6f71e5b50dddd01c55a915a1337ee37b21395e28b4eb052957efae,,included,,train,data\starter_3class\train\alarm_siren\AS_0029.wav,3.0,22050.0,0.440646,0.017203,0.0
AS_0030,alarm_siren,Alarm or Siren,mixed_sound_602_1.wav,data\raw\alarm_siren\mixed_sound_602_1.wav,.wav,3.0,44100,2,b8a4e90a9e55cb6aeb71328444f8442535df062520e10f0a016d36cdacbefab8,,included,,train,data\starter_3class\train\alarm_siren\AS_0030.wav,3.0,22050.0,0.535763,0.013258,0.0
AS_0031,alarm_siren,Alarm or Siren,mixed_sound_603.wav,data\raw\alarm_siren\mixed_sound_603.wav,.wav,3.0,44100,2,44f7afc74d5021c45d2d8c9b1ab7a6a9fc08f1b9a1a751abbff332c44264fb8a,,included,,train,data\starter_3class\train\alarm_siren\AS_0031.wav,3.0,22050.0,0.570325,0.010325,0.0
AS_0032,alarm_siren,Alarm or Siren,mixed_sound_603_1.wav,data\raw\alarm_siren\mixed_sound_603_1.wav,.wav,3.0,44100,2,3d111b9f69499ae3c52cb41ff72e73777384b1ca8aa8fc662aedcc77eddea696,,included,,train,data\starter_3class\train\alarm_siren\AS_0032.wav,3.0,22050.0,0.525972,0.012623,0.0
AS_0033,alarm_siren,Alarm or Siren,mixed_sound_604.wav,data\raw\alarm_siren\mixed_sound_604.wav,.wav,3.0,44100,2,624423f4948777e73c8525dbac2ad30ec7a60f204ec1f46880dd0935c0195c03,,included,,train,data\starter_3class\train\alarm_siren\AS_0033.wav,3.0,22050.0,0.464681,0.014588,0.0
AS_0034,alarm_siren,Alarm or Siren,mixed_sound_604_1.wav,data\raw\alarm_siren\mixed_sound_604_1.wav,.wav,3.0,44100,2,8035210d368aceccbf5b289cd65cf6a96677fdc9d50fb583019a9c425fe15c34,,included,,train,data\starter_3class\train\alarm_siren\AS_0034.wav,3.0,22050.0,0.406294,0.017929,0.0
AS_0035,alarm_siren,Alarm or Siren,mixed_sound_605.wav,data\raw\alarm_siren\mixed_sound_605.wav,.wav,3.0,44100,2,6d6f0e9ae3f7d21151c7cdde713f643e800109accac444651aff73d2bb6d1928,,included,,validation,data\starter_3class\validation\alarm_siren\AS_0035.wav,3.0,22050.0,0.34394,0.026228,0.0
AS_0036,alarm_siren,Alarm or Siren,mixed_sound_605_1.wav,data\raw\alarm_siren\mixed_sound_605_1.wav,.wav,3.0,44100,2,43e8d6fa0a2f36410fa5267da1eccd8b71da3ae28819c6003e2cb8c4bf8fc16c,,included,,validation,data\starter_3class\validation\alarm_siren\AS_0036.wav,3.0,22050.0,0.546169,0.011595,0.0
AS_0037,alarm_siren,Alarm or Siren,mixed_sound_606.wav,data\raw\alarm_siren\mixed_sound_606.wav,.wav,3.0,44100,2,9efe7c4d9a7cd13c33790d739e9ae7c868767bab8c86c37707f0f1a4d123524f,,included,,train,data\starter_3class\train\alarm_siren\AS_0037.wav,3.0,22050.0,0.490562,0.014739,0.0
AS_0038,alarm_siren,Alarm or Siren,mixed_sound_606_1.wav,data\raw\alarm_siren\mixed_sound_606_1.wav,.wav,3.0,44100,2,6d8fedee29126fc05a6e0d82d1ac7bfb13c015961d5f80254afb79f120a10fce,,included,,train,data\starter_3class\train\alarm_siren\AS_0038.wav,3.0,22050.0,0.505894,0.013998,0.0
AS_0039,alarm_siren,Alarm or Siren,mixed_sound_607.wav,data\raw\alarm_siren\mixed_sound_607.wav,.wav,3.0,44100,2,f4b09401bedf067a15b4d1683ff5cdbacf4546514266a6a785bc6f65357cc64f,,included,,train,data\starter_3class\train\alarm_siren\AS_0039.wav,3.0,22050.0,0.467674,0.015828,0.0
AS_0040,alarm_siren,Alarm or Siren,mixed_sound_607_1.wav,data\raw\alarm_siren\mixed_sound_607_1.wav,.wav,3.0,44100,2,6ddcfc89021642f3ec6d158a2a605e7d43d23a65d974f02bd383cb6fa353519b,,included,,train,data\starter_3class\train\alarm_siren\AS_0040.wav,3.0,22050.0,0.365603,0.021557,0.0
AS_0041,alarm_siren,Alarm or Siren,mixed_sound_608.wav,data\raw\alarm_siren\mixed_sound_608.wav,.wav,3.0,44100,2,7cae1d5252da632c235d5d39f93e3b76501ea6b4bcc5527721bb1fd1e3cb28dd,,included,,test,data\starter_3class\test\alarm_siren\AS_0041.wav,3.0,22050.0,0.568939,0.011338,0.0
AS_0042,alarm_siren,Alarm or Siren,mixed_sound_6_1.wav,data\raw\alarm_siren\mixed_sound_6_1.wav,.wav,3.0,44100,2,8d4059fa58ae8c545d818c6498aea572d55923c94846267aa41227886956cdbc,,included,,train,data\starter_3class\train\alarm_siren\AS_0042.wav,3.0,22050.0,0.587713,0.010265,0.0
AS_0043,alarm_siren,Alarm or Siren,mixed_sound_7.wav,data\raw\alarm_siren\mixed_sound_7.wav,.wav,3.0,44100,2,1f305fbdcbedbf2f315aadd6abca34ff4aa695c36a72a79f0e4d29727686d7a9,,included,,validation,data\starter_3class\validation\alarm_siren\AS_0043.wav,3.0,22050.0,0.591532,0.010869,0.0
AS_0044,alarm_siren,Alarm or Siren,mixed_sound_7_1.wav,data\raw\alarm_siren\mixed_sound_7_1.wav,.wav,3.0,44100,2,5edd145c364d940b54719aa7c16946f8a4a204db40bb943e44cea1e630bcaceb,,included,,train,data\starter_3class\train\alarm_siren\AS_0044.wav,3.0,22050.0,0.500408,0.013741,0.0
AS_0045,alarm_siren,Alarm or Siren,mixed_sound_8.wav,data\raw\alarm_siren\mixed_sound_8.wav,.wav,3.0,44100,2,752a5665263ff755eccfdb70e4eb4cecb921b63fd80ff004141a56197196a6cd,,included,,train,data\starter_3class\train\alarm_siren\AS_0045.wav,3.0,22050.0,0.435627,0.017838,0.0
GB_0001,glass_breaking,Glass Breaking,dragon-studio-glass-breaking-504033.mp3,data\raw\glass_breaking\dragon-studio-glass-breaking-504033.mp3,.mp3,3.12,48000,2,b5af69b569ce12a5faa77379d2c8ef6a5539ef05b58d0746907f1c52cbca55e2,,included,,test,data\starter_3class\test\glass_breaking\GB_0001.wav,3.0,22050.0,0.098401,0.711051,0.0
GB_0002,glass_breaking,Glass Breaking,dragon-studio-glass-breaking-511313.mp3,data\raw\glass_breaking\dragon-studio-glass-breaking-511313.mp3,.mp3,3.12,48000,2,b5af69b569ce12a5faa77379d2c8ef6a5539ef05b58d0746907f1c52cbca55e2,GB_0001,excluded_exact_duplicate,Exact SHA-256 duplicate of GB_0001,,,,,,,
GB_0003,glass_breaking,Glass Breaking,dragon-studio-glass-cracking-511310.mp3,data\raw\glass_breaking\dragon-studio-glass-cracking-511310.mp3,.mp3,1.704,48000,2,010ef779955cedabb5774462fe30a8506b936655967be2cf05975d64d44d82d6,,included,,validation,data\starter_3class\validation\glass_breaking\GB_0003.wav,3.0,22050.0,0.074673,0.717672,0.0
GB_0004,glass_breaking,Glass Breaking,dragon-studio-glass-shattering-504035 (1).mp3,data\raw\glass_breaking\dragon-studio-glass-shattering-504035 (1).mp3,.mp3,4.032,48000,2,f6cae825b8d04764f379da2f7af5e631f919616092e418e4af87d36125ca7b7b,,included,,train,data\starter_3class\train\glass_breaking\GB_0004.wav,3.0,22050.0,0.108044,0.422116,0.0
GB_0005,glass_breaking,Glass Breaking,dragon-studio-glass-shattering-504035.mp3,data\raw\glass_breaking\dragon-studio-glass-shattering-504035.mp3,.mp3,4.032,48000,2,f6cae825b8d04764f379da2f7af5e631f919616092e418e4af87d36125ca7b7b,GB_0004,excluded_exact_duplicate,Exact SHA-256 duplicate of GB_0004,,,,,,,
GB_0006,glass_breaking,Glass Breaking,dragon-studio-glass-shattering-511316.mp3,data\raw\glass_breaking\dragon-studio-glass-shattering-511316.mp3,.mp3,4.032,48000,2,f6cae825b8d04764f379da2f7af5e631f919616092e418e4af87d36125ca7b7b,GB_0004,excluded_exact_duplicate,Exact SHA-256 duplicate of GB_0004,,,,,,,
GB_0007,glass_breaking,Glass Breaking,freesound_community-breaking-glass-83809.mp3,data\raw\glass_breaking\freesound_community-breaking-glass-83809.mp3,.mp3,3.384,24000,2,af86995228d2a15fc3e486b39660ec1d5a0b805d5d8ae597bcda4ade68fed744,,included,,train,data\starter_3class\train\glass_breaking\GB_0007.wav,3.0,22050.0,0.061493,0.709735,0.0
GB_0008,glass_breaking,Glass Breaking,freesound_community-glass-breaking-94894.mp3,data\raw\glass_breaking\freesound_community-glass-breaking-94894.mp3,.mp3,2.04,24000,2,1d54339791b770f32cd4eae3fe630b3966d06e3d22c3944d1a479b4c8889cf40,,included,,train,data\starter_3class\train\glass_breaking\GB_0008.wav,3.0,22050.0,0.093568,0.533741,0.0
GB_0009,glass_breaking,Glass Breaking,freesound_community-glass-shatter-7-95202.mp3,data\raw\glass_breaking\freesound_community-glass-shatter-7-95202.mp3,.mp3,2.784,24000,2,ee25ca180c0e15566188d2ee28ffcb68170187b6d5fb7ababc9e9716e6c8b74b,,included,,train,data\starter_3class\train\glass_breaking\GB_0009.wav,3.0,22050.0,0.052023,0.744883,0.0
GB_0010,glass_breaking,Glass Breaking,soundreality-bottle-glass-hit-1-580252.mp3,data\raw\glass_breaking\soundreality-bottle-glass-hit-1-580252.mp3,.mp3,0.84,48000,2,c85d2e7b558911913e1a24d96d50c730769699fc9fe6fa78d137e507597415f1,,included,,train,data\starter_3class\train\glass_breaking\GB_0010.wav,3.0,22050.0,0.068527,0.92,0.0
GB_0011,glass_breaking,Glass Breaking,universfield-broken-glass-impact-454859.mp3,data\raw\glass_breaking\universfield-broken-glass-impact-454859.mp3,.mp3,2.74585,44100,2,4b2e30e1eb3bbddc7ae9e037f713564ad9e26dc51f998ae0e23b08c69da1dc8e,,included,,test,data\starter_3class\test\glass_breaking\GB_0011.wav,3.0,22050.0,0.115007,0.673107,0.0
GB_0012,glass_breaking,Glass Breaking,universfield-glass-bottle-breaking-351297.mp3,data\raw\glass_breaking\universfield-glass-bottle-breaking-351297.mp3,.mp3,1.632,48000,2,d919177d5e2b8e092b857ca35bad096bc758e9bcddb7acf39b68b431b976b3d2,,included,,validation,data\starter_3class\validation\glass_breaking\GB_0012.wav,3.0,22050.0,0.046038,0.843553,0.0
GB_0013,glass_breaking,Glass Breaking,universfield-glass-bottle-smash-191998.mp3,data\raw\glass_breaking\universfield-glass-bottle-smash-191998.mp3,.mp3,1.333673,44100,2,4dbf73da4b797ccb02c6993f4434e38c16b4c22ff6d02c382816dcb9a9c13334,,included,,train,data\starter_3class\train\glass_breaking\GB_0013.wav,3.0,22050.0,0.085719,0.755374,0.0
GB_0014,glass_breaking,Glass Breaking,universfield-glass-hit-192119.mp3,data\raw\glass_breaking\universfield-glass-hit-192119.mp3,.mp3,1.281406,44100,2,aea4c3abd20dda0a5d72dcac7ebbf48cfa8f8a9d7793c92ae8ce03ca0d09addb,,included,,train,data\starter_3class\train\glass_breaking\GB_0014.wav,3.0,22050.0,0.047388,0.902389,0.0
GB_0015,glass_breaking,Glass Breaking,universfield-glass-shatter-291049.mp3,data\raw\glass_breaking\universfield-glass-shatter-291049.mp3,.mp3,3.12,48000,2,7de393e5a97e1e3bcc3182001ab96b73dd3b64e16fa52996b22206cbad839824,,included,,train,data\starter_3class\train\glass_breaking\GB_0015.wav,3.0,22050.0,0.038391,0.609524,0.0
GS_0001,gunshot,Gunshot,1 (3).wav,data\raw\gunshot\1 (3).wav,.wav,2.0,48000,2,8c041d798e41c121b2d50b644d430aa4089917d930995584ea35ce2faa07f363,,included,,train,data\starter_3class\train\gunshot\GS_0001.wav,3.0,22050.0,0.086273,0.720862,0.0
GS_0002,gunshot,Gunshot,1 (43).wav,data\raw\gunshot\1 (43).wav,.wav,2.0,48000,2,39213190cba0cda51f37dc90e354cd8a158a522ca8e2990731ee9a4fc83cef1d,,included,,train,data\starter_3class\train\gunshot\GS_0002.wav,3.0,22050.0,0.287652,0.345457,0.0
GS_0003,gunshot,Gunshot,1 (58).wav,data\raw\gunshot\1 (58).wav,.wav,2.0,44100,2,4d8fce39297f7451178f046d4291b90e92fd29258c94b5daa0d36d4a6e760b28,,included,,test,data\starter_3class\test\gunshot\GS_0003.wav,3.0,22050.0,0.069906,0.619471,0.0
GS_0004,gunshot,Gunshot,1 (68).wav,data\raw\gunshot\1 (68).wav,.wav,2.0,44100,2,eb829705eb2959f2158101cc939a73749aa4f7159df4b79bb5e7fd00141b340d,,included,,train,data\starter_3class\train\gunshot\GS_0004.wav,3.0,22050.0,0.075787,0.511504,0.0
GS_0005,gunshot,Gunshot,1 (9).wav,data\raw\gunshot\1 (9).wav,.wav,2.0,48000,2,055cdb15b40ebc2c10a7af3a7b7a5adc43475d5f51fdc2c2e00d5359ee3ed43a,,included,,test,data\starter_3class\test\gunshot\GS_0005.wav,3.0,22050.0,0.120706,0.49613,0.0
GS_0006,gunshot,Gunshot,2 (13).wav,data\raw\gunshot\2 (13).wav,.wav,2.0,48000,2,1c42776fc44508082b97da150b578ed4d1d6813767e29d2f21b957a0ebe187ad,,included,,test,data\starter_3class\test\gunshot\GS_0006.wav,3.0,22050.0,0.107443,0.501497,0.0
GS_0007,gunshot,Gunshot,2 (17).wav,data\raw\gunshot\2 (17).wav,.wav,2.0,48000,2,9dc8e746dbe70d1ba23bb3498dd7f0fd6ea4e1ef3ee9d95b6b03ac8e16ac0404,,included,,test,data\starter_3class\test\gunshot\GS_0007.wav,3.0,22050.0,0.148464,0.519335,0.0
GS_0008,gunshot,Gunshot,2 (19).wav,data\raw\gunshot\2 (19).wav,.wav,2.0,48000,2,d115d67b4e6caf66ec3f0285e8535e9769851be5ef9cceedc782eb2191f4610a,,included,,train,data\starter_3class\train\gunshot\GS_0008.wav,3.0,22050.0,0.077133,0.702026,0.0
GS_0009,gunshot,Gunshot,2 (57).wav,data\raw\gunshot\2 (57).wav,.wav,2.0,48000,2,2601c2f2986d1f07d88c9840aa1e53c12948d0165d50a7083301d2af2a8adc60,,included,,train,data\starter_3class\train\gunshot\GS_0009.wav,3.0,22050.0,0.150007,0.378156,0.0
GS_0010,gunshot,Gunshot,2 (89).wav,data\raw\gunshot\2 (89).wav,.wav,2.0,48000,2,d8832ab7f410a9e00e234d9f50e610658f42c3ceb3ae0575a16e8f23b0b530fc,,included,,train,data\starter_3class\train\gunshot\GS_0010.wav,3.0,22050.0,0.154239,0.478806,0.0
GS_0011,gunshot,Gunshot,3 (57).wav,data\raw\gunshot\3 (57).wav,.wav,360.0,44100,2,5a2e5ecd6aa48eb4f2feaed1a0d83c1988befc6ec26cc188614c7914e0d60309,,excluded_long_outlier,Starter pipeline excludes originals longer than 10s to prevent one recording from dominating the small prototype. Segment it later with group-aware splitting.,,,,,,,
GS_0012,gunshot,Gunshot,3 (65).wav,data\raw\gunshot\3 (65).wav,.wav,2.0,44100,2,45e9edb7f007f273fe74a96dfa89fd77bda9c46d15de30cda2652226eacae3b9,,included,,validation,data\starter_3class\validation\gunshot\GS_0012.wav,3.0,22050.0,0.139027,0.465669,0.0
GS_0013,gunshot,Gunshot,3 (71).wav,data\raw\gunshot\3 (71).wav,.wav,1.0,44100,2,24d7b3493beef9383c8869d3ed923935dab289af8867794e24f69a54b8359a7f,,included,,validation,data\starter_3class\validation\gunshot\GS_0013.wav,3.0,22050.0,0.109665,0.711988,0.0
GS_0014,gunshot,Gunshot,3 (8).wav,data\raw\gunshot\3 (8).wav,.wav,2.0,44100,2,cdd818e7957b76691ed612b4ee6399bd82b6e4492bb01623db0af5ea108ad065,,included,,train,data\starter_3class\train\gunshot\GS_0014.wav,3.0,22050.0,0.183461,0.38966,0.0
GS_0015,gunshot,Gunshot,3 (82).wav,data\raw\gunshot\3 (82).wav,.wav,1.0,44100,2,bb9f5fae5c05400a88a9ea1b789733adc9fa5dab826ecef212fc356128be3215,,included,,train,data\starter_3class\train\gunshot\GS_0015.wav,3.0,22050.0,0.068468,0.820136,0.0
GS_0016,gunshot,Gunshot,4 (41).wav,data\raw\gunshot\4 (41).wav,.wav,2.0,48000,2,ec182aa34d0a39ab28b1725a19edf18cc553ab6e56d6c578893984070616c626,,included,,test,data\starter_3class\test\gunshot\GS_0016.wav,3.0,22050.0,0.144653,0.437793,0.0
GS_0017,gunshot,Gunshot,4 (5).wav,data\raw\gunshot\4 (5).wav,.wav,2.0,48000,2,55b4bfbcfbe1b4512541bae9c8f578974e088eaddc72bae399f4080e84b9a613,,included,,train,data\starter_3class\train\gunshot\GS_0017.wav,3.0,22050.0,0.163778,0.452925,0.0
GS_0018,gunshot,Gunshot,4 (69).wav,data\raw\gunshot\4 (69).wav,.wav,2.0,48000,2,8f91e7d43587641c9a2d9bfe6e8f222ad94d0873c1570a2e1703bba144741e85,,included,,train,data\starter_3class\train\gunshot\GS_0018.wav,3.0,22050.0,0.205252,0.592079,0.0
GS_0019,gunshot,Gunshot,4 (80).wav,data\raw\gunshot\4 (80).wav,.wav,2.0,48000,2,1fdfab860aee8da18d054e00c961b4d0692e63c4c2c2f57328a71c461c3ceb67,,included,,validation,data\starter_3class\validation\gunshot\GS_0019.wav,3.0,22050.0,0.102459,0.457581,0.0
GS_0020,gunshot,Gunshot,4 (90).wav,data\raw\gunshot\4 (90).wav,.wav,2.0,48000,2,2a220627df51e2e364fa1931a50e74ae6dfed926523afc98db95acd70785825a,,included,,test,data\starter_3class\test\gunshot\GS_0020.wav,3.0,22050.0,0.166617,0.397385,0.0
GS_0021,gunshot,Gunshot,5 (49).wav,data\raw\gunshot\5 (49).wav,.wav,2.0,48000,2,bcbdecbc9b70774cbbbad01fbf523f37adc35794b9b69e0bdedcb586826bdb2a,,included,,train,data\starter_3class\train\gunshot\GS_0021.wav,3.0,22050.0,0.244835,0.413953,0.0
GS_0022,gunshot,Gunshot,5 (57).wav,data\raw\gunshot\5 (57).wav,.wav,2.0,48000,2,2bbed9d5e3eac17236aa8da1edbe99c8408c2d20bbaf8043f5c8caa10812e9d1,,included,,train,data\starter_3class\train\gunshot\GS_0022.wav,3.0,22050.0,0.114709,0.429766,0.0
GS_0023,gunshot,Gunshot,5 (63).wav,data\raw\gunshot\5 (63).wav,.wav,2.0,48000,2,bc5dad30bb59feb6ac3a0ae8d3be0502fc06ba2a994db1dcc179e6a7fbf7e7b6,,included,,train,data\starter_3class\train\gunshot\GS_0023.wav,3.0,22050.0,0.09348,0.533666,0.0
GS_0024,gunshot,Gunshot,5 (84).wav,data\raw\gunshot\5 (84).wav,.wav,2.0,48000,2,e4dc6ee269e5be10670ff06f2139125bc96e723f1c666a1c70480b4936a7fbe2,,included,,train,data\starter_3class\train\gunshot\GS_0024.wav,3.0,22050.0,0.155535,0.440393,0.0
GS_0025,gunshot,Gunshot,5 (97).wav,data\raw\gunshot\5 (97).wav,.wav,2.0,48000,2,e8b02887a32901700061c93a412413ba73f9a7dd0b36e6f41bb03a6d2bb2a3f7,,included,,validation,data\starter_3class\validation\gunshot\GS_0025.wav,3.0,22050.0,0.15519,0.394618,0.0
GS_0026,gunshot,Gunshot,6 (52).wav,data\raw\gunshot\6 (52).wav,.wav,2.0,48000,2,890b5032e4d913464db9ae0ffa54abe1439c4593584063ad5c0f9c67722a6db1,,included,,validation,data\starter_3class\validation\gunshot\GS_0026.wav,3.0,22050.0,0.17361,0.400847,0.0
GS_0027,gunshot,Gunshot,6 (58).wav,data\raw\gunshot\6 (58).wav,.wav,2.0,48000,2,b4614661d076fbf325cf953f96233538f003a2eb5bbeedd93a000264dfc33f8b,,included,,train,data\starter_3class\train\gunshot\GS_0027.wav,3.0,22050.0,0.175517,0.398745,0.0
GS_0028,gunshot,Gunshot,6 (64).wav,data\raw\gunshot\6 (64).wav,.wav,2.0,48000,2,6397d46901076c5b4ac27bc6e02b62660c803c808613b7df815deaedfe4789fc,,included,,train,data\starter_3class\train\gunshot\GS_0028.wav,3.0,22050.0,0.125048,0.510416,0.0
GS_0029,gunshot,Gunshot,6 (88).wav,data\raw\gunshot\6 (88).wav,.wav,2.0,48000,2,ed93fc06bef6ade65e57206e2fb2206cd14bd7a53500bde5f3b1b3b3ddb31b85,,included,,train,data\starter_3class\train\gunshot\GS_0029.wav,3.0,22050.0,0.125288,0.39486,0.0
GS_0030,gunshot,Gunshot,6 (98).wav,data\raw\gunshot\6 (98).wav,.wav,2.0,48000,2,d5044e427b2026f47a672f64ea48ebc5448e51d244fcff77f2f43f601376d926,,included,,train,data\starter_3class\train\gunshot\GS_0030.wav,3.0,22050.0,0.113659,0.530144,0.0
GS_0031,gunshot,Gunshot,7 (60).wav,data\raw\gunshot\7 (60).wav,.wav,2.0,48000,2,943ec9a3187bededd3559602e23315a3fe1fda6b955163b432227640fa4c10af,,included,,validation,data\starter_3class\validation\gunshot\GS_0031.wav,3.0,22050.0,0.315894,0.379199,0.0
GS_0032,gunshot,Gunshot,7 (66).wav,data\raw\gunshot\7 (66).wav,.wav,2.0,48000,2,8f898048b6ace116ed30222f9cca685e722bfc0b5f23c6a2826cfea39291b12a,,included,,train,data\starter_3class\train\gunshot\GS_0032.wav,3.0,22050.0,0.211505,0.356629,0.0
GS_0033,gunshot,Gunshot,7 (70).wav,data\raw\gunshot\7 (70).wav,.wav,2.0,48000,2,72c19a39334e8f67c7c3961c7f9f8495ea5c0d7d59c1a62074007bb8ca8ef011,,included,,train,data\starter_3class\train\gunshot\GS_0033.wav,3.0,22050.0,0.306039,0.345351,0.0
GS_0034,gunshot,Gunshot,7 (74).wav,data\raw\gunshot\7 (74).wav,.wav,2.0,48000,2,50bd8b3e6cfe4c5f05f3ee15c465f380047db7a2aa9295098c6c9076e51da89c,,included,,train,data\starter_3class\train\gunshot\GS_0034.wav,3.0,22050.0,0.168683,0.36904,0.0
GS_0035,gunshot,Gunshot,7 (99).wav,data\raw\gunshot\7 (99).wav,.wav,2.0,48000,2,f34f0e64c96d515272c48fdf7cb5f511b14d6c124362e2cd4bcd82e4ae293130,,included,,validation,data\starter_3class\validation\gunshot\GS_0035.wav,3.0,22050.0,0.298507,0.352562,0.0
GS_0036,gunshot,Gunshot,8 (5).wav,data\raw\gunshot\8 (5).wav,.wav,2.0,48000,2,0462f4f860c4e1f43f3f926afc90ccff30fc8cc11fd8bc5c94391b3886ee53a4,,included,,train,data\starter_3class\train\gunshot\GS_0036.wav,3.0,22050.0,0.116275,0.524233,0.0
GS_0037,gunshot,Gunshot,8 (78).wav,data\raw\gunshot\8 (78).wav,.wav,2.0,48000,2,ac8a65bd53864e270933f1bb389b1e6d1f69a93da99f25d4738423fb0d15272b,,included,,train,data\starter_3class\train\gunshot\GS_0037.wav,3.0,22050.0,0.137408,0.526531,0.0
GS_0038,gunshot,Gunshot,8 (8).wav,data\raw\gunshot\8 (8).wav,.wav,2.0,48000,2,102495e2dffe05851add7479b1844303ec65308ae2bb0369205fc0623a49219c,,included,,train,data\starter_3class\train\gunshot\GS_0038.wav,3.0,22050.0,0.115286,0.457128,0.0
GS_0039,gunshot,Gunshot,8 (87).wav,data\raw\gunshot\8 (87).wav,.wav,2.0,48000,2,9916db6b4d778d648148c606bc8e3149848be71beffc51cf0fee8138c58efae0,,included,,train,data\starter_3class\train\gunshot\GS_0039.wav,3.0,22050.0,0.137261,0.434467,0.0
GS_0040,gunshot,Gunshot,8 (94).wav,data\raw\gunshot\8 (94).wav,.wav,2.0,48000,2,703b82cfb743e7cf10efa9f3d828f69f7b100311fe284bda20bb79d6331e182f,,included,,train,data\starter_3class\train\gunshot\GS_0040.wav,3.0,22050.0,0.126196,0.56062,0.0
GS_0041,gunshot,Gunshot,9 (1).wav,data\raw\gunshot\9 (1).wav,.wav,1.0,44100,2,befd2ec669706340a0680cb8a89654e9e30c6011a0ca67c649011bf6def681c9,,included,,train,data\starter_3class\train\gunshot\GS_0041.wav,3.0,22050.0,0.195525,0.679441,0.0
GS_0042,gunshot,Gunshot,9 (20).wav,data\raw\gunshot\9 (20).wav,.wav,1.0,44100,2,e1394f95ebb6d5eac49dff818155a41a7ef9cbb375fc0d72beff96dfd2ab816c,,included,,train,data\starter_3class\train\gunshot\GS_0042.wav,3.0,22050.0,0.202946,0.677082,0.0
GS_0043,gunshot,Gunshot,9 (34).wav,data\raw\gunshot\9 (34).wav,.wav,1.0,44100,2,da963954eb63c11092bfcf5c819022ea760eb026d19958125956d7a4e0fdf657,,included,,test,data\starter_3class\test\gunshot\GS_0043.wav,3.0,22050.0,0.194267,0.677914,0.0
GS_0044,gunshot,Gunshot,9 (55).wav,data\raw\gunshot\9 (55).wav,.wav,1.0,44100,2,0c60197a09d404e1579f12a9a888101e0e5b113de543b3d7908d9f824a2c6240,,included,,train,data\starter_3class\train\gunshot\GS_0044.wav,3.0,22050.0,0.149915,0.684429,0.0
GS_0045,gunshot,Gunshot,9 (8).wav,data\raw\gunshot\9 (8).wav,.wav,1.0,44100,2,9201f57432e9a65ce77251300a6656becb9c21afc455fe14cfa9fe153a1e286c,,included,,train,data\starter_3class\train\gunshot\GS_0045.wav,3.0,22050.0,0.210629,0.676327,0.0
